<?xml version="1.0" encoding="UTF-8"?>
<beans xmlns="http://www.springframework.org/schema/beans"
	xmlns:xsi="http://www.w3.org/2001/XMLSchema-instance"
	xsi:schemaLocation="http://www.springframework.org/schema/beans http://www.springframework.org/schema/beans/spring-beans.xsd">

	<bean id="emp" class="com.cg.lab1.b.Employee">
		<property name="employeeId" value="12345" />
		<property name="employeeName" value="Harriet" />
		<property name="salary" value="40000.00" />
		<property name="businessUnit" ref="sbu" />
	</bean>
	
	<bean id="sbu" class="com.cg.lab1.b.SBU">
		<property name="sbuId" value="1005"/>
		<property name="sbuName" value="Production Engineering Services"/>
		<property name="sbuHead" value="Kiran Rao"/>
	</bean>

</beans>
